av_alive	av_bet	av_pn0	av_alph	av_ha	av_hs	av_q	av_z	av_age	av_ndh	av_nz0	av_nrh	av_nc0	av_nc1	sd_bet	sd_pn0	sd_alph	sd_ha	sd_hs	sd_q	sd_z	sd_age	sd_ndh	sd_nz0	sd_nrh	sd_nc0	sd_nc1
0.911904761904762	7.91850427332379	7.77314726148333	1.13875166289863	0.474358312005088	5.00632744266873	0.535496779472584	0.880714285714286	267.989523809524	47.675	22.6166666666667	42.7826190476191	19.8133333333333	11.3033333333333	0.120293094278529	0.240324113311105	0.120754587216245	0.0235907497924663	0.291417606547969	0.147591400073617	0.324163002352267	279.825591898192	53.9206754546535	22.6974721089495	42.8537573384859	13.5647973767291	12.7324077281996
0.922619047619048	7.93569523152851	7.84427424657912	1.19942709641797	0.47493783061703	4.8281252012934	0.530049185450983	0.882857142857143	269.952619047619	48.2930952380952	23.3604761904762	44.1907142857143	19.695	10.9597619047619	0.121007321550968	0.219414411494228	0.0887161346790289	0.0132348496914266	0.258008630737321	0.147666872293348	0.321628726848523	271.698483809015	53.1054350796532	22.7222071873221	43.0515794642822	13.0899601845372	12.3087435524677
0.922857142857143	7.90511866717111	7.77287544182369	1.19134452909231	0.482397074032398	4.70155622073582	0.535430937412757	0.893809523809524	262.363571428571	46.6747619047619	22.3335714285714	42.27	19.4859523809524	10.895	0.0949617351710604	0.293046831839906	0.119580702230857	0.0269060618089875	0.10153427857322	0.148278396748321	0.308117936713004	268.262150751282	52.4512627741413	22.4506320693124	42.4971534846587	13.1959707489904	12.3541521849385
0.921904761904762	7.79497196844646	7.8363639487539	1.14015318562587	0.476673958698908	4.73740138837269	0.534532949415663	0.879523809523809	266.027857142857	47.1352380952381	22.7942857142857	43.13	19.9778571428571	11.0635714285714	0.113944264019739	0.206219359741179	0.146127366698107	0.0268588327290906	0.202159618505629	0.146892517811266	0.325556313076274	261.615129084364	50.7025075200117	22.4521520974576	42.3764500623364	13.1092006208581	12.2017847053165
0.928095238095238	7.83108846698488	7.95452445859001	1.06630467165084	0.468830825743221	4.83147346519289	0.534151968805243	0.891666666666667	268.380476190476	47.6280952380952	22.8735714285714	43.3628571428571	20.242619047619	11.0840476190476	0.15400679698832	0.0843809756619432	0.134968718339985	0.0269164176345937	0.107624966641704	0.147977350467585	0.310837943369505	266.978667601526	51.7086224420683	22.6083370807263	42.8659052315518	13.3451959025403	12.497195028848
0.918809523809524	7.92333028770628	7.96603997616541	1.01208084658498	0.477688448251713	4.84055580638704	0.536497795737197	0.879761904761905	262.982380952381	46.4378571428571	22.315	42.1642857142857	19.8666666666667	11.0509523809524	0.0387851058224251	0.0415890186033746	0.159430060673372	0.0328167923157845	0.104765856710484	0.146639892084168	0.325278477027351	269.569172249606	52.0244546997831	22.3031691446257	42.1403563291167	13.3446923116256	12.5588786808396
0.913809523809524	7.89754630508877	7.94512031248638	0.921889261021501	0.487567231108745	4.77747938349133	0.538256247019191	0.885476190476191	277.43380952381	48.9842857142857	23.5247619047619	44.4919047619048	20.6433333333333	11.7228571428571	0.0808545865134398	0.0730298321490286	0.168514202224784	0.0509309047537468	0.0954203239372753	0.145044591698964	0.318484312193508	280.580370008429	54.0591769167871	23.4816788460571	44.4828711030155	13.9425018822379	13.1093683445655
0.922857142857143	7.93292805410567	7.95531045879637	0.849529768640087	0.498600795354162	4.90896134467352	0.534504323673936	0.886904761904762	264.77380952381	46.8702380952381	22.372619047619	42.3361904761905	20.3871428571429	11.3457142857143	0.0362404067226447	0.0538003934170538	0.105307168006483	0.034336177135637	0.251989842883581	0.146986208456016	0.316746891027602	268.325082453267	51.4254496395199	21.8671749243867	41.3286000138113	13.7320018447434	12.8381021417066
0.922857142857143	7.94397788944698	7.92884586527234	0.840161395434822	0.461407521700575	5.13817024196897	0.533418770740594	0.896904761904762	260.823333333333	46.0264285714286	22.212619047619	42.0183333333333	20.4240476190476	11.3497619047619	0.0480052573703159	0.0736979188001427	0.0953776210760316	0.0334660442375566	0.212267733494061	0.145103163829095	0.30411943555117	271.782183650228	51.5736734017157	22.5209866464805	42.612979954117	13.8423554800863	12.9649094963156
0.921190476190476	7.93407545271374	7.91081923711868	0.905887194332622	0.49364462304683	4.99718143519901	0.534565850791924	0.89547619047619	270.713095238095	48.3057142857143	23.0216666666667	43.5490476190476	20.5754761904762	11.5497619047619	0.0535992763440799	0.0884401281180864	0.123582960078826	0.0243509342815939	0.227174046605676	0.145661028214237	0.305975282417706	284.444491173804	55.0359848135778	23.3025956008536	44.0851648677547	14.0400040340594	13.1363559817273
0.920952380952381	7.97419330176853	7.92667774790809	0.903607923672313	0.480187103876046	5.13403025524957	0.539917354318463	0.896666666666667	266.111904761905	46.6183333333333	22.2814285714286	42.16	20.1866666666667	11.2604761904762	0.0396867996523757	0.0920820294504511	0.116230126525009	0.0251022138584103	0.18011911013382	0.146861769867779	0.304429994671928	265.989248657214	50.9926638983837	21.9250457949333	41.4776442222917	13.4636098792998	12.5899766117895
0.917142857142857	7.92126131250745	7.81830058722269	0.944115592794759	0.470379265028806	4.92884761219933	0.53708555775059	0.891904761904762	266.234523809524	46.4285714285714	22.397380952381	42.4895238095238	20.13	11.2419047619048	0.0967599853470023	0.122369717057382	0.0927400737658087	0.0202652665079638	0.148338879337539	0.148810165490485	0.310537627320113	258.73514674194	49.2404479331035	21.5748820375598	40.8822667889888	12.8618524849682	12.0402419706406
0.915	7.92322488637198	7.80293067216873	0.903792744037651	0.469049648358708	4.95676788852328	0.537098363363343	0.887857142857143	265.015	46.7942857142857	22.3709523809524	42.3642857142857	20.2752380952381	11.4957142857143	0.102422721949185	0.117282566767822	0.0563237849591111	0.0334188424114417	0.155874742236015	0.152031950146283	0.315579702722015	272.734517771135	52.0029682567774	22.4933853164365	42.616145997779	13.8606667094124	13.0126243761523
0.91952380952381	7.89916005724952	7.91582457235881	0.962020407503559	0.448490522844451	4.9722514413652	0.532036893904974	0.885	255.516428571429	45.8245238095238	21.8602380952381	41.34	20.3964285714286	11.3788095238095	0.135182612643203	0.106675877883689	0.0720067062730503	0.0303328711482667	0.120242726300527	0.147384525503091	0.319059928404977	265.563486639557	51.0915472000597	21.637803967893	40.9620159902933	13.7136446692326	12.8286777797431
0.917142857142857	7.92225960141137	7.90876243046352	1.05802626773005	0.471692919858864	5.01596243983223	0.532610525541084	0.883571428571429	266.709047619048	47.0819047619048	23.0145238095238	43.5514285714286	19.9597619047619	11.1507142857143	0.103265321985802	0.110778386751673	0.133923693456152	0.0364505811303575	0.0683631246763003	0.145989220363619	0.320776337310864	261.225178839222	49.9420236028105	22.557561067976	42.6765302335665	13.1583518832119	12.2456751784313
0.921904761904762	7.92259687242054	7.97297465176809	1.05261475520475	0.484956643865222	5.06508361305509	0.535172613454821	0.887857142857143	258.664761904762	45.5121428571429	21.9064285714286	41.4609523809524	19.5571428571429	10.7985714285714	0.120143760836293	0.0676507800741305	0.0772854551654796	0.0396343163840947	0.0958612085423465	0.14781319847542	0.315579702722015	259.140177003039	49.5841851998921	21.552807517597	40.7633742261615	12.9822114882654	12.1357291003659
0.922380952380952	7.92090161141895	7.97174675782522	1.10242015468223	0.503169342279434	5.10613376674198	0.535182212048003	0.896190476190476	263.55619047619	46.5033333333333	22.407380952381	42.4088095238095	19.6152380952381	10.92	0.0758981294317667	0.06234378834673	0.0962534929615526	0.0281050001483965	0.171261163132988	0.145183900765484	0.305049606770549	269.129988813127	51.7084816668214	22.3301984773264	42.3492579731994	13.1608133321676	12.4077267754501
0.919285714285714	7.91498131150291	7.95807891425632	1.16450401154302	0.478059108832053	5.01534287952241	0.536035650652271	0.894047619047619	259.67	45.4188095238095	22.0157142857143	41.6816666666667	19.5147619047619	10.8490476190476	0.0817376696491361	0.0394974026174523	0.121309090734336	0.0225285649999383	0.206390682073992	0.146897710701377	0.307813309030856	259.554568624465	49.4501808808786	22.2063273041796	42.0582767092935	12.9976740070373	12.1639813602154
0.922142857142857	7.83823046286901	7.93205944367817	1.15119074170079	0.479093151120912	4.90281800145195	0.532160263623349	0.885714285714286	264.49619047619	46.8159523809524	22.6516666666667	42.8485714285714	19.5683333333333	10.782619047619	0.125563752361525	0.0871854173028547	0.115124617914579	0.0249104713803328	0.259222620832663	0.145545802935742	0.318195846303238	259.902949598617	49.8852379828873	22.0987596264197	41.755835751961	12.8689178641919	11.9601877003935
0.919047619047619	7.92541380723317	7.9373233857609	1.08812388682649	0.494082841149398	4.84786896762394	0.534384427613897	0.883809523809524	264.010714285714	46.86	22.3902380952381	42.4038095238095	19.7540476190476	10.9345238095238	0.118757070948897	0.100636387094417	0.135314680392135	0.0211709450878706	0.19105132877296	0.146428426777546	0.320491349829172	270.571574675889	52.40958755634	22.2442834170867	42.0971928503482	13.1936583234092	12.2967107791707
0.922380952380952	7.90662423122497	7.87239700124377	0.994836901397932	0.493136464399951	4.72758326655342	0.533374704019815	0.895	261.147619047619	46.3452380952381	22.3745238095238	42.3364285714286	19.822380952381	11.0147619047619	0.0716963440029068	0.0873776819372354	0.0959812964595241	0.0215618599912172	0.140074588257902	0.146648723580896	0.306589922092442	264.870538402975	51.0120658827458	22.6083160532241	42.7412660035111	13.3253880686603	12.4991362860628
0.921904761904762	7.89777512391408	7.84214057899657	0.987235175144105	0.503988075355689	4.6959681064742	0.532855725330023	0.887857142857143	261.070238095238	46.1916666666667	22.2814285714286	42.1095238095238	19.772619047619	10.9421428571429	0.0911928370613746	0.0945195340944625	0.0539333590870183	0.0232360153753939	0.123649280445296	0.148320713504561	0.315579702722015	260.851731241667	50.2991259755722	21.7978182411334	41.1693613983042	13.0699279901844	12.1377830651316
0.919285714285714	7.93508554855983	7.82197765486581	0.894397310359137	0.472795904271659	4.65000549940836	0.535707257079663	0.883095238095238	265.879761904762	46.8178571428571	22.2185714285714	42.062619047619	20.4552380952381	11.4557142857143	0.0648321980242455	0.0790718038740821	0.0981406884068138	0.0437959293701251	0.0798159736713857	0.147445750608464	0.321345024682213	273.216560524669	52.2926020829563	22.317788309433	42.2762902591212	13.7004456564036	12.8008521356285
0.926904761904762	7.91541986374628	7.78562773715882	0.915441255654608	0.47018488869071	4.62271075895854	0.53564543751383	0.888809523809524	265.28880952381	46.8469047619048	22.3747619047619	42.3690476190476	20.3047619047619	11.3390476190476	0.0737354827597952	0.0869217755412454	0.11717586860725	0.0421828388815078	0.168040418572282	0.148400159115805	0.314405295873973	271.561971607671	52.2080595886441	22.3793642229842	42.3389175923157	13.7033510551603	12.7877799136668
0.917857142857143	7.89571511949812	7.73445173025131	0.81719294318131	0.501980106873172	4.73433108500072	0.535352979857345	0.894523809523809	264.944523809524	46.9571428571429	22.4771428571429	42.5945238095238	20.272380952381	11.2880952380952	0.0682342151243295	0.153532828857319	0.0852775508288524	0.0315286784965484	0.147145551719384	0.150044943581724	0.307202593712944	256.884907492749	49.5117246734703	21.5050175291013	40.7400476468673	13.0430105010984	12.2099733650062
0.917380952380952	7.87983861117136	7.77497925224758	0.848611271282037	0.49249975977909	4.8109028833253	0.538124025267073	0.884761904761905	263.363333333333	46.5671428571429	22.0483333333333	41.7204761904762	20.2938095238095	11.3528571428571	0.0867907930023569	0.166221026715369	0.0726243848040445	0.0291793023544784	0.113530290960187	0.147022711309357	0.319347081097461	272.892494036717	52.2830906546336	21.6608841124242	41.0654477924308	13.6466084131937	12.8326754000074
0.924047619047619	7.89617148047402	7.87842995178132	0.901360455623695	0.473901412501222	4.85077795210339	0.53950173570009	0.893571428571429	265.11119047619	46.2438095238095	22.1869047619048	42.0178571428571	20.3114285714286	11.3033333333333	0.0579263252056635	0.118440968078274	0.121641743236461	0.0362089990345171	0.0995188096384261	0.148134341766876	0.308422079667371	268.735429197457	50.4907904354995	21.9786874172756	41.5814309406808	13.4862057318334	12.5842675508438
0.926904761904762	7.87502529246466	7.91483669860022	0.997778163126537	0.455339662766173	4.76616318975176	0.538168403565327	0.888095238095238	264.760714285714	46.8421428571429	22.4288095238095	42.4507142857143	20.1685714285714	11.2904761904762	0.128608091552687	0.120264691176711	0.162869125960732	0.0430786645507176	0.0923155761101996	0.145112663483806	0.315286780890852	273.765621051644	52.9412277780364	22.9540721746554	43.4452893249541	13.8062034252515	12.8575986139171
0.922619047619048	7.84816206114633	7.86215479805356	0.986182749768098	0.482830234616995	4.81748991307758	0.535952632345595	0.881190476190476	262.331904761905	46.3888095238095	22.115	41.8338095238095	20.1707142857143	11.2816666666667	0.0687822073803852	0.162252687527084	0.113315537818672	0.0486784998720409	0.130647046509389	0.147317962447523	0.32360277177169	275.329291828851	52.6990043709812	22.391276066084	42.4910228223846	13.8572881141591	12.9707916357979
0.92452380952381	7.85652006932667	7.79667074226198	1.03874205122391	0.474448005599635	4.75637615328743	0.5332278534263	0.886428571428571	262.436666666667	46.4761904761905	22.6588095238095	42.8645238095238	19.9819047619048	10.957619047619	0.099463236971538	0.14663879872561	0.139173314024032	0.0460092391446626	0.17894626740219	0.147533185746456	0.317327803137864	259.679119940391	50.1738146245762	22.7392734974558	43.0276248211413	13.0408761136786	12.173240011275
0.920238095238095	7.8713597097851	7.65618917079199	1.02692867117269	0.471682947412843	4.76844824609302	0.53408746155383	0.884761904761905	257.932142857143	45.5945238095238	22.067380952381	41.7492857142857	19.7766666666667	11.0285714285714	0.106772220192829	0.209620281629097	0.127309829400497	0.0180583735305745	0.221592128046334	0.145479801685542	0.319347081097461	256.853274433044	49.7984230888933	22.0265916236383	41.5772650410266	13.0277198496296	12.1895071535319
0.92547619047619	7.9465316028822	7.7109330590566	0.928118110355877	0.475830332941952	4.84402911118099	0.537708710069824	0.882857142857143	261.776904761905	46.5069047619048	22.3090476190476	42.1928571428571	20.1671428571429	11.1438095238095	0.0692165061838811	0.086223397175862	0.179120700634998	0.0300589463298077	0.311560393468515	0.14592605409484	0.321628726848523	268.954947866448	52.2066847975189	22.7806821654121	43.0971304656527	13.6348343662778	12.7561923290533
0.922857142857143	7.91119301852726	7.63591751450584	1.02140855068252	0.492223646023444	5.06131621814909	0.5350634218667	0.890238095238095	262.67880952381	46.707619047619	22.5395238095238	42.6507142857143	19.9133333333333	11.1404761904762	0.0968665557119048	0.209676803699164	0.182099485556166	0.0273504214495943	0.133820880862173	0.147052332190149	0.312629972744526	265.098422373021	50.993522687519	22.5063375956936	42.4878689041303	13.4800572741245	12.6139400450367
0.923809523809524	7.85767241546086	7.67025232383183	1.1426617284332	0.475076618705477	5.06184066727048	0.533233552493583	0.894761904761905	265.816666666667	47.1430952380952	22.5904761904762	42.7235714285714	19.7388095238095	10.9811904761905	0.0988712467035699	0.0986346805501022	0.0761958485506442	0.0163042804183001	0.103144553059717	0.148622222831651	0.306896503171913	269.295159681167	51.9766719060084	22.4482873705296	42.3932869157935	13.1439034957794	12.3483563196871
0.922619047619048	7.94700695151374	7.65848457484018	1.19631567158869	0.478547543713025	5.04911383912677	0.537212385079298	0.898571428571429	263.136904761905	46.5564285714286	22.3402380952381	42.2966666666667	19.3816666666667	10.662619047619	0.0467153858104641	0.0596778324878672	0.0769609803383594	0.031495768244057	0.10053227431865	0.146213984129366	0.301931319489776	272.187300798233	52.8968013661267	22.3576164862641	42.3326408055773	13.1591752548294	12.3395337884127
0.918571428571429	7.93844815640222	7.68960521334694	1.07258640497923	0.486019110268071	5.06307040169126	0.533212881505402	0.878095238095238	264.183333333333	47.0485714285714	22.617380952381	42.7361904761905	19.7102380952381	11.0392857142857	0.062816612325518	0.12203003719247	0.153259092452794	0.0362846892950174	0.0854770961708866	0.14419561153937	0.327214736318386	271.899033220229	52.72579133164	22.892721903877	43.290579018225	13.486874179285	12.6710118399119
0.92547619047619	7.96779004278637	7.63848358597074	0.996850524899505	0.490085199539151	5.06125781274977	0.532630442591382	0.890714285714286	266.290476190476	47.1614285714286	22.797380952381	43.1369047619048	20.0014285714286	11.097619047619	0.0469281558428806	0.162339104005134	0.0750098986041237	0.0302419882371722	0.216083770547717	0.149167019021179	0.312034500027857	268.463773567827	51.5457714259871	22.5238386651559	42.6791958729595	13.1396948849319	12.2969526929391
0.923571428571429	7.94976769333794	7.66693578651973	0.91705438545772	0.494614117152634	5.24780779236839	0.537774826533285	0.885	260.172142857143	45.7264285714286	22.112619047619	41.877619047619	19.7388095238095	10.8964285714286	0.0447850814305736	0.140777059894591	0.0690934021636221	0.0404156078687111	0.164520133795347	0.143817714760654	0.319059928404977	258.771705478506	49.6049424302661	21.9775358430257	41.5906493563396	12.9461161299485	12.1393232493328
0.916666666666667	7.90161978165309	7.71321550278437	0.89095676663376	0.506139893879493	5.09860393978301	0.536768609966342	0.891904761904762	274.38	48.8909523809524	23.5002380952381	44.4511904761905	20.5997619047619	11.5154761904762	0.0603877815298237	0.075572454198017	0.0588625860742309	0.0294559788140989	0.14787894138597	0.147106321992025	0.310537627320113	272.196355236	52.7859162519544	22.8477362576377	43.1867734697358	13.6087104175539	12.7730757148334
0.921666666666667	7.92581636451539	7.68657161315282	0.92753198460454	0.497138062566519	5.12096521604629	0.530005247329804	0.888571428571429	262.637142857143	46.6938095238095	22.5714285714286	42.6909523809524	19.9002380952381	11.1616666666667	0.0725646942474911	0.114322177733453	0.123514358604867	0.0337550889571224	0.194385833398012	0.145952543481094	0.314699578735432	262.844920083582	50.5852818557505	22.5938627047073	42.7360314816914	13.270997012135	12.3545043078573
0.914047619047619	7.92657057444255	7.6114139300301	0.813158340127695	0.510843261835121	4.9399943349475	0.536217478090142	0.882380952380952	273.707857142857	48.4338095238095	23.0954761904762	43.6785714285714	20.7357142857143	11.6795238095238	0.0879978864265396	0.108947244602913	0.0838074371658984	0.0266493040473155	0.156332981084325	0.145510744408666	0.322194853791186	279.535871641449	53.2424829503979	22.821833479467	43.1175834131229	13.8581821462091	13.1096702085267
0.917857142857143	7.860050270898	7.55924447808947	0.76991296126729	0.48918094973479	4.95641395807266	0.534845204949273	0.893809523809524	267.785952380952	47.4673809523809	22.5459523809524	42.6890476190476	20.9359523809524	11.8030952380952	0.184377748103303	0.109341323373558	0.0468454458554046	0.0302251436745505	0.128767993735541	0.147988464500752	0.308117936713004	277.059983537031	52.5580130176416	22.2763774529096	42.117086638881	14.2876729151542	13.4089873974504
0.922857142857143	7.84926248107638	7.49295701412928	0.752296901529744	0.492202816059192	4.93182227656955	0.53189383369752	0.89047619047619	267.470238095238	47.2966666666667	22.7064285714286	43.0107142857143	20.7869047619048	11.5459523809524	0.208253723093087	0.114796170730067	0.0651838356220616	0.0326838906549075	0.0735872934781427	0.147822127526062	0.312332469070671	266.355730473239	50.1860751780789	22.2734474253901	42.1411641181285	13.7039278119831	12.6997601692656
0.918333333333333	7.86092758496602	7.67304457221712	0.768151734556471	0.47349607662076	4.85499923740115	0.534990695878436	0.889523809523809	263.32119047619	46.8297619047619	22.5159523809524	42.6969047619048	20.6792857142857	11.5392857142857	0.0950837823962768	0.234894053327928	0.0935020325406558	0.0292397588636283	0.0963544507358566	0.146739600861116	0.313519704789841	263.439261979104	49.8023654902205	21.9155697175412	41.6394759061857	13.5994917975277	12.6565219909026
0.916904761904762	7.9354654333705	7.78545042775926	0.752843965164253	0.506769606825851	4.81405355601084	0.533398699892098	0.892142857142857	267.817857142857	47.3909523809524	22.9538095238095	43.4045238095238	20.6985714285714	11.5985714285714	0.0692737188649887	0.216191928656605	0.132128888851803	0.0356787702378304	0.133651548493265	0.148561018766473	0.310236837785814	266.802956308231	50.0215434802194	22.2204795539912	42.1027607863966	13.5794732480968	12.7341998390733
0.918333333333333	7.91882666746775	7.64890059289478	0.7335006955266	0.473757241233474	4.79954467705318	0.539339765099832	0.884285714285714	263.626904761905	46.1966666666667	22.0778571428571	41.7530952380952	20.7052380952381	11.6719047619048	0.0720895428500271	0.242111343834448	0.0777908663998967	0.031964643189234	0.147594123026413	0.145151122882852	0.319920081538763	264.422659366252	49.9247243630135	21.849948027306	41.2732890798042	13.8252893140013	12.9096544155272
0.916190476190476	7.87796203431629	7.69151748214449	0.822953848909764	0.479191632845572	4.75034963040125	0.532841113549987	0.881666666666667	263.232142857143	46.6138095238095	22.532380952381	42.7064285714286	20.3957142857143	11.4633333333333	0.110651230186639	0.177969943036572	0.0786113331444186	0.0201571362138219	0.126113659987684	0.146318481935851	0.323040867507287	262.171112949239	50.461947018909	22.1989295573327	42.0462469683332	13.3782810952091	12.6190294060813
0.910952380952381	7.87943319922402	7.79763774326869	0.7956291207955	0.473963128037396	4.72632884661357	0.536237687880918	0.877857142857143	263.857857142857	46.4966666666667	22.4180952380952	42.4366666666667	20.557619047619	11.64	0.120905050195186	0.174344085744573	0.0414696657872238	0.0173670763536992	0.155878248128296	0.141981162378757	0.327489717686971	274.642303532121	52.0618688529097	22.8979523985066	43.3254908237206	14.1447628749104	13.3030129970154
0.925238095238095	7.78906381186985	7.77185549350012	0.841829386793432	0.473418455599319	4.75596852790742	0.5355187772691	0.894047619047619	270.142857142857	47.9104761904762	23.1711904761905	43.867619047619	20.8104761904762	11.5828571428571	0.110163935263227	0.2143757035783	0.0787454828249517	0.0212152097740757	0.0980060580444514	0.148045054291964	0.307813309030856	268.490340940429	51.9046847031074	23.0489601491073	43.6204275483129	13.7960956459452	12.8915749381291
0.915238095238095	7.71794251782554	7.62008458012626	0.891895741550695	0.481176539155699	4.74425027983529	0.53282359741018	0.885476190476191	270.31119047619	47.5819047619048	22.897619047619	43.3709523809524	20.7188095238095	11.735	0.146999579425494	0.231518150894182	0.0453398646609996	0.0298198242961753	0.116397174796135	0.148600380329631	0.318484312193508	278.092873284233	52.5907732587278	22.5278530266131	42.7155951176102	13.7967841775958	12.9689395277485
0.916666666666667	7.69358049267814	7.69755625486374	0.872998787022772	0.462579439381758	4.75865193582716	0.534138166125679	0.893095238095238	258.856428571429	46.0952380952381	22.0940476190476	41.8035714285714	20.3228571428571	11.3680952380952	0.0713531436759633	0.155263889776287	0.0895571044378417	0.031341568299558	0.166098710304898	0.145945607155174	0.309028917115248	263.654531418874	50.976214059112	22.0602881057784	41.7354902005329	13.5978561633681	12.6522255107294
0.918571428571429	7.68806226491928	7.75448180641447	0.830770007300945	0.472896624228784	4.57375438758305	0.53311314544051	0.884523809523809	260.333571428571	46.3033333333333	22.2664285714286	42.1378571428571	20.707619047619	11.622380952381	0.0618144425523237	0.084322311807009	0.0766266914055646	0.0319980147764966	0.173254297104756	0.147165501480962	0.319633798418537	263.418403794405	50.7522679437762	22.3238033253824	42.2252862504414	13.7275826151561	12.9178537132126
0.924285714285714	7.71397964806784	7.73755219743365	0.823853336338486	0.474262196073929	4.55766035329728	0.541040755610988	0.892857142857143	273.633095238095	48.097380952381	22.692619047619	42.9730952380952	20.8680952380952	11.6980952380952	0.042579094422894	0.0695428472442701	0.0847817910904023	0.0321232350902546	0.0875981518501083	0.146173550813422	0.309331614450304	281.772909058088	54.3817164265098	22.6419797133966	42.8768679603305	14.1652961273425	13.3331573605689
0.917380952380952	7.61689739692779	7.70491918121065	0.732075443977401	0.443615473345632	4.15840685066723	0.533263727532378	0.881904761904762	264.837142857143	46.6278571428571	22.5630952380952	42.7228571428571	21.365	12.0411904761905	0.123357893696591	0.0591224435746548	0.130303587503904	0.0201787141389287	0.238132048188259	0.145150901834241	0.322759285012997	269.760424262244	50.7331139854363	22.5784508843016	42.694435403359	14.208995730067	13.4028738129629
0.923809523809524	7.6334559521221	7.70416958025524	0.781616433716956	0.442313555159739	4.06834833565212	0.537002144356302	0.893333333333333	264.535952380952	46.807619047619	22.2216666666667	42.0661904761905	21.1514285714286	11.7290476190476	0.145942243640438	0.092762928561913	0.0718832544480037	0.0392696698466355	0.268304821529017	0.147984134506074	0.308725739326554	268.840567827893	50.7057140238914	21.7356907970659	41.1070999333638	13.9579685067894	13.0385477930692
0.919047619047619	7.52318682716006	7.68929955857141	0.846940647491387	0.440397543978123	4.00145951623008	0.533811498190183	0.891428571428571	263.025714285714	46.38	22.4357142857143	42.4959523809524	20.9078571428571	11.5383333333333	0.104610742182646	0.152670681495109	0.190654065825891	0.0243612444796598	0.154147445581208	0.147170129058739	0.311137787305039	263.051970042587	49.8980802627523	22.2233924483117	42.1276989363127	13.6327615979465	12.7496254032857
0.912619047619048	7.5585855008307	7.65607359863463	0.96462084477856	0.451712090763308	3.88238171912375	0.536551239293534	0.883333333333333	265.992619047619	47.3219047619048	22.2038095238095	41.9942857142857	20.5697619047619	11.7678571428571	0.123011452780429	0.0994320889645227	0.162340158741379	0.0349809559745637	0.157893638541062	0.148352447214948	0.321060895214811	278.432960078727	53.8752158843282	22.2625735539485	42.0020635439756	13.9831794281969	13.2475528591136
0.923571428571429	7.71161420651845	7.74273907990683	1.21470902651548	0.451170822360686	3.99590476473172	0.535991951905158	0.883095238095238	268.088571428571	47.4511904761905	22.8609523809524	43.2952380952381	19.7714285714286	10.937619047619	0.207030256515223	0.150096403398273	0.222444255349035	0.0275283229448816	0.227038392372217	0.145625429716281	0.321345024682213	268.112521410395	52.2951941281335	22.4756161497818	42.4894644065905	13.180543906024	12.3418951481985
0.919047619047619	7.7714392045566	7.76679746877579	1.31277998626232	0.477849676580656	4.13665296367237	0.532918480056798	0.89	265.804285714286	47.1764285714286	22.5304761904762	42.61	19.3164285714286	10.855	0.229337855955553	0.147887454706408	0.153910129914705	0.0318088454912719	0.193950492141932	0.146911826259161	0.312927012376717	283.504902180014	55.5637034479332	23.0108028258277	43.5581617015873	13.4038207847098	12.7118644102645
0.922857142857143	7.93250059105101	7.73946943373907	1.1652024088729	0.474400460017579	4.16020771015258	0.531265722819578	0.890238095238095	271.389285714286	48.3242857142857	23.1033333333333	43.7971428571429	19.8552380952381	10.9714285714286	0.187954381078446	0.133781535865057	0.31067769506266	0.0293525511951287	0.297267353011373	0.147458704733002	0.312629972744526	275.10957981224	53.1148609625812	22.524137793956	42.6346910016644	13.0734090244411	12.1994086214913
0.92	7.96889612175169	7.74111976112638	1.10962766924075	0.472712438205878	4.1168605128924	0.534720717781293	0.888095238095238	272.93380952381	48.3297619047619	23.4002380952381	44.2397619047619	19.9388095238095	11.1321428571429	0.0656914157365431	0.16169899343532	0.246047005734591	0.0237796626653561	0.289721926222168	0.147485055529401	0.315286780890852	269.222685510855	52.2325899980987	22.9034867873084	43.3355114644412	13.2916545794459	12.4534251218151
0.911190476190476	7.9290744972229	7.62560468662353	0.967813548112199	0.478715122299535	4.34081470466795	0.534443486692066	0.885952380952381	269.232857142857	47.7485714285714	23.2090476190476	43.9257142857143	20.4204761904762	11.6757142857143	0.123780575031186	0.324542830739291	0.228713956294211	0.0222818290846199	0.0749370284750784	0.144388584624647	0.317906940298902	276.932319295315	52.9599832111592	23.3240958056543	44.1254377480339	13.7612708059855	12.84726555202
0.924761904761905	7.94658670629774	7.72930160953885	0.859300928938956	0.461151813105458	4.40433034749258	0.53805902034409	0.900714285714286	262.41619047619	46.8538095238095	22.197380952381	41.9585714285714	20.5195238095238	11.48	0.0762792785185279	0.250331537528645	0.207653322647645	0.0415717265993004	0.105252511945608	0.148877399587329	0.299080856443278	273.592528689935	52.5741840592372	22.2520332092556	41.9636229571015	13.9662983518086	13.0616571442575
0.915238095238095	7.91261900084359	7.85135504109519	0.874291664390337	0.475892375367028	4.39821508475712	0.536022502624754	0.889761904761905	257.691666666667	45.452619047619	21.8247619047619	41.2983333333333	20.1459523809524	11.3378571428571	0.0923161981045817	0.206943035806899	0.150011065711958	0.0432363395887996	0.0607045027004682	0.148405830194022	0.31322358928744	261.906207571072	50.3141655866255	21.6248790811768	40.9864178280576	13.3176654199879	12.3895413021664
0.917857142857143	7.95815954355967	7.69500292675836	0.996011585891247	0.493499198307594	4.38318035954521	0.534264455604813	0.884761904761905	272.697142857143	48.2585714285714	23.392619047619	44.2509523809524	20.0454761904762	11.2321428571429	0.0733378976056981	0.320942100822099	0.101122076795869	0.0249688853737938	0.102286744839804	0.143115966964633	0.319347081097461	279.643165934378	54.0650671103374	23.3716648036023	44.2186902650022	13.5571112012052	12.7101216500364
0.92452380952381	7.96111331235795	7.84445180245808	1.13737254662173	0.475864765856947	4.41034300122942	0.535136008906184	0.895238095238095	272.967142857143	48.59	23.2407142857143	44.0019047619048	19.912380952381	11.0761904761905	0.0749021382722841	0.0875615360171331	0.214763359352967	0.0351799734738289	0.0751077498705772	0.146118691998357	0.306282849001483	272.980911614112	53.8115708595376	23.129565776657	43.8606009802926	13.1645905171515	12.3321463477828
0.923809523809524	7.98006115266255	7.91036745570955	1.03856451204845	0.454113019704819	4.32253209057308	0.534927543711933	0.896190476190476	261.882380952381	46.3885714285714	22.5130952380952	42.5411904761905	20.02	11.0795238095238	0.0793341138634016	0.0853255312649308	0.228169538229798	0.0270721184860361	0.197274490219376	0.145484656661456	0.305049606770549	260.254052650442	50.259734646646	22.3228667201344	42.1049191172692	13.2686021781799	12.3175171458051
0.918809523809524	7.95608985821406	7.90860722133092	1.07184217996541	0.477227252622445	4.13740851873443	0.532357021297779	0.882380952380952	264.592619047619	46.8538095238095	22.6688095238095	42.8754761904762	20.1204761904762	11.2290476190476	0.0647587507368208	0.0902809371437472	0.210578191762812	0.0251856567253073	0.190147438370615	0.146753793716643	0.322194853791186	272.775553328619	52.7492015676736	23.1186112628432	43.7179355477387	13.6543511323616	12.7187471560282
0.919047619047619	7.91050143344062	7.98767293544043	0.898400970456146	0.48014670293246	4.32794107942354	0.536514853159379	0.882619047619048	270.709285714286	47.9852380952381	22.952380952381	43.3930952380952	20.4797619047619	11.4197619047619	0.123623192871226	0.0298259982607415	0.119383070408029	0.0246615066721406	0.223491418942207	0.144964560588801	0.321912002843488	270.942666561458	52.0933566794865	22.478771845021	42.3816396768796	13.7301440756343	12.891776242246
0.919285714285714	7.91887912818364	7.98738833654494	0.953142815132936	0.492693761892262	4.34030759084792	0.540212288138253	0.893571428571429	272.455	48.075	22.747380952381	43.0380952380952	20.3590476190476	11.5604761904762	0.0778350156785789	0.0351659078114566	0.171262594000074	0.0376948552064186	0.202030867487108	0.146065297378336	0.308422079667371	279.747739380921	54.1497385325067	23.0095964075308	43.5307576854917	13.8392306462407	13.0357436237323
0.919047619047619	7.92975645678384	7.99799941324052	0.855979124555985	0.466378115642638	4.1691185774122	0.532337291888821	0.881904761904762	262.860714285714	46.5704761904762	22.4395238095238	42.5102380952381	20.4990476190476	11.4614285714286	0.0764959965595396	0.0118262077240223	0.233392293591876	0.0230208860049874	0.245031110333512	0.145663567227563	0.322759285012997	264.278621330356	50.3114594112933	22.1491116783913	41.994486873675	13.5332319773201	12.7533226171732
0.920714285714286	7.91474946305865	7.96349012726829	0.951019434219315	0.450249884525935	4.18352944970131	0.534261774028677	0.886904761904762	263.681666666667	47.052380952381	22.5040476190476	42.637380952381	20.2261904761905	11.3928571428571	0.0519329386330902	0.0716277408481388	0.151500546298817	0.0414456502111216	0.117031492556878	0.145799743659842	0.316746891027602	268.475361292133	51.9212826713136	22.3703373071069	42.3537499642018	13.5605081941407	12.7173626817066
0.926666666666667	7.8800611729849	7.9847537282535	0.956580244728497	0.454844017539706	4.11162274315244	0.539069273846267	0.885714285714286	267.136666666667	47.2478571428571	22.745	43.0345238095238	20.4402380952381	11.3369047619048	0.097937069090168	0.0364131723661998	0.0531444475489053	0.0398446934291316	0.245006760628961	0.143832267314796	0.318195846303238	272.315244115166	52.5647900392734	22.6688677462374	42.9130836048204	13.786130514436	12.8338928935095
0.922857142857143	7.82584031922477	7.96226871206647	0.941594742791993	0.482843728718303	4.03955671781585	0.533697585421806	0.895	262.99	46.6414285714286	22.5569047619048	42.7080952380952	20.3040476190476	11.1921428571429	0.120466849699818	0.059982985512345	0.0846487589607418	0.0197076713150674	0.351647802640558	0.146659107251707	0.306589922092442	261.066491846501	50.0966296360141	22.0254048026074	41.7948075229498	13.1299832050217	12.1981725419723
0.918809523809524	7.89913064843132	7.94004079171589	0.965454126482918	0.464672698712065	4.07809735161918	0.531231185417149	0.891428571428571	268.341428571429	47.8828571428571	23.1964285714286	43.9085714285714	20.477619047619	11.5652380952381	0.0822805457934359	0.0896402314423929	0.0831726379790891	0.0352104396158698	0.203023749882222	0.146270697530261	0.311137787305039	275.696159862366	53.0524379559358	23.5837067326244	44.5654814465538	13.8911487766303	12.9906457337806
0.926666666666667	7.93101864303861	7.80131634916578	0.99009107700416	0.456240126547359	4.01154190256482	0.539523779291904	0.894523809523809	274.14	48.4780952380952	23.1166666666667	43.8088095238095	20.3188095238095	11.2469047619048	0.0528516125874189	0.10683885701621	0.0894092605190366	0.0241736087744293	0.293340232600297	0.147003488802632	0.307202593712944	270.846309170415	52.10360276864	22.2824794627033	42.2864709302074	13.3283064136828	12.4250835243192
0.923809523809524	7.92658017669405	7.80253907998403	0.936751068333785	0.466483219081447	4.07325414101283	0.534311696485219	0.891428571428571	258.844523809524	46.0864285714286	22.1595238095238	41.9807142857143	19.9292857142857	10.9602380952381	0.0504383544996894	0.143101639356968	0.140824480476453	0.0384976475006654	0.102409835121364	0.146588820368914	0.311137787305039	260.300088547149	50.501876594006	21.7603102555243	41.2225283260857	12.9253263928532	12.1492108609733
0.923333333333333	7.98531598352251	7.65496250391007	1.00154961688178	0.477915217351346	4.25180497810954	0.534988507037473	0.886904761904762	257.454047619048	45.4690476190476	21.8964285714286	41.497619047619	19.6666666666667	10.9285714285714	0.037367513890206	0.167957238374473	0.14264473159602	0.0269175455189913	0.152191989763052	0.147610993612789	0.316746891027602	254.195327218849	49.2175789982191	21.540249859234	40.7718107471971	12.7946327657244	11.9304822462224
0.925	7.93117797499611	7.90805333296458	1.01080296350377	0.482027287901867	4.38419274846713	0.533801416392059	0.89047619047619	264.869523809524	46.74	22.6069047619048	42.7897619047619	19.7590476190476	10.8933333333333	0.0693091181638516	0.129410061379388	0.122810324183462	0.0247839423565243	0.245885286084338	0.146800654824914	0.312332469070671	262.815004747486	50.6785725306205	22.1681422331579	41.9472881657852	13.1068497695394	12.2036405787538
0.922142857142857	7.9169362275941	7.79157814025879	1.00690531478042	0.477887205552487	4.08044824486687	0.533791276446808	0.894761904761905	265.952857142857	47.0171428571429	22.8540476190476	43.2461904761905	20.0671428571429	11.157619047619	0.085321544426866	0.197021868674244	0.091476763798236	0.0208573193294123	0.357377542648106	0.145917428251871	0.306896503171913	268.450131104725	51.9293371111329	23.0859392982362	43.5873378704845	13.3213624036069	12.4323140647906
0.918809523809524	7.93156367631186	7.91161216134117	0.973427039739632	0.450578599054189	3.96925672769546	0.533514983979113	0.891428571428571	257.641666666667	45.2428571428571	21.8630952380952	41.3269047619048	20.0728571428571	11.1828571428571	0.0579697191128421	0.120235291537579	0.129297871950722	0.0229122890844265	0.17138331530213	0.147803975696676	0.311137787305039	266.044305870201	50.6885344724248	21.6415310370039	40.9685261886661	13.3829743447963	12.5134989337215
0.91547619047619	7.96033919027873	7.88691731055578	0.860710226453486	0.443109046951646	4.15222011696725	0.534275764672395	0.882619047619048	265.337380952381	46.9776190476191	22.4688095238095	42.502380952381	20.6616666666667	11.5540476190476	0.0635240551917928	0.173548656504715	0.118352279290989	0.0335695503433582	0.285816265878489	0.147758107819378	0.321912002843488	267.101690214164	50.9017702152684	21.8054787400667	41.1360986031177	13.6421470216096	12.8708917721668
0.919047619047619	7.92800022942679	7.74075791767665	0.853314138948917	0.454858684383688	4.03486420080775	0.538953982433859	0.880238095238095	260.175476190476	45.715	21.8469047619048	41.3469047619048	20.297619047619	11.4361904761905	0.0824938261620333	0.186723208186714	0.126865903059501	0.0288871825289119	0.162782825329549	0.147353417806336	0.32472156791166	262.444139453378	49.978761516894	21.9471347326386	41.4942489774762	13.5732423144934	12.7585795634237
0.915	7.86726851463318	7.74461475951331	0.778293670728093	0.426837899110147	3.94045522990681	0.531983721713998	0.882857142857143	257.673095238095	45.4307142857143	21.9761904761905	41.6152380952381	20.8557142857143	11.7585714285714	0.14305202180282	0.168896646058359	0.101498107534827	0.0333069304538703	0.119511798275352	0.149703596030049	0.321628726848523	260.581413488055	49.1431070660189	21.7856890296956	41.2580798837593	13.8247852609229	13.0231002871058
0.926666666666667	7.87860688629604	7.76716068426768	0.794314298317546	0.452471284639268	3.84545639304888	0.532527035560916	0.877619047619048	262.11119047619	46.6697619047619	22.3571428571429	42.3088095238095	20.7169047619048	11.3711904761905	0.0597420936816861	0.148461297556949	0.109079115086674	0.0180520228897028	0.0986158507494787	0.146169047473109	0.327764295358397	272.903881388286	51.6136492849804	22.2807022812313	42.3090740345977	13.7955023351003	12.8069394483881
0.917619047619048	7.94994731925783	7.66074705248787	0.833236840892406	0.455202895509345	3.71254230368705	0.536181127809163	0.89047619047619	262.584761904762	46.3445238095238	22.5166666666667	42.6404761904762	20.4783333333333	11.4588095238095	0.0553542671941905	0.106297372081948	0.0712661441192906	0.023749765800449	0.15906246224607	0.1480875866455	0.312332469070671	265.251791582163	50.5414184440792	22.8161774859126	43.2743732325834	13.5783300693281	12.6733455549825
0.919761904761905	7.92115886109216	7.65138627790269	0.877030639165924	0.439126924851111	3.78261021494865	0.538262517371278	0.889761904761905	268.069047619048	47.2785714285714	22.8157142857143	43.1473809523809	20.672619047619	11.5802380952381	0.115041418719509	0.120592406032944	0.0930084445453622	0.0445558691681072	0.184176918678638	0.146445202284407	0.31322358928744	271.271991634137	51.8805121201511	23.2258107713479	43.8914847843847	13.8612425165809	12.9545982034742
0.917619047619048	7.93417670806249	7.70938205832527	0.934408865954195	0.443200511137644	3.89120023602531	0.534194061792093	0.884761904761905	269.388571428571	47.6707142857143	22.8628571428571	43.3302380952381	20.527619047619	11.5342857142857	0.110382917093226	0.161705188264541	0.0861125233270775	0.032972713757916	0.215840669825986	0.147349999884942	0.319347081097461	274.30291821025	52.45583905241	22.7262565185107	43.0704130582726	13.7393904266231	12.895157340756
0.918809523809524	7.98256159305572	7.76159389847801	0.979326326932226	0.45925679815667	4.08838980334146	0.532523791789746	0.889761904761905	258.18880952381	45.7992857142857	22.4347619047619	42.4854761904762	20.002380952381	10.99	0.0389956587360895	0.161610299175158	0.0942102569617357	0.0363697427606696	0.13426216465955	0.14853555590189	0.31322358928744	247.733031675436	48.3571391557118	21.6156323521168	40.9882653123949	12.6178934494363	11.669065199866
0.921190476190476	7.98013790073849	7.69676595358622	1.10325392748628	0.46575910932961	4.05501888922283	0.533094964317979	0.886428571428571	260.66	46.0933333333333	22.1130952380952	41.8709523809524	19.6945238095238	10.9440476190476	0.0395537911907928	0.325416977051347	0.232880842295011	0.0349297564232915	0.0772544602414097	0.149313265820553	0.317327803137864	263.591445653081	50.9911885820583	21.7811828994138	41.2238299679402	13.1830958505835	12.2490999828837
0.925238095238095	7.98517707767941	7.63196326925641	1.14723623335361	0.440628342699437	4.04254948706854	0.534368417020107	0.892857142857143	267.462380952381	47.2019047619048	22.6069047619048	42.7609523809524	19.8580952380952	11.0514285714286	0.0397732824641065	0.271889523162327	0.167182048927615	0.0329783450287485	0.101184902641191	0.147631053376796	0.309331614450304	281.908553430552	54.2519037493975	22.3588478163705	42.3539728141732	13.6329020840614	12.9069700743903
0.923333333333333	7.943367551849	7.69283914486567	1.19802965814159	0.467183716651939	4.03332655236835	0.536245484318204	0.892380952380952	265.910238095238	47.2842857142857	22.7414285714286	43.0330952380952	19.705	11.0059523809524	0.0826128382204944	0.22905752360484	0.0722925439781987	0.0403925796651123	0.129340947738192	0.14814350621007	0.309935573388069	266.17541231564	52.3487275329307	22.5320242128721	42.7094628133361	13.056634608936	12.2143557387802
0.922380952380952	7.89549449773062	7.83182706242516	1.10584097758645	0.460683987154847	3.9551808425926	0.535214679723573	0.887619047619048	266.24880952381	47.2533333333333	22.9602380952381	43.5207142857143	19.9838095238095	11.1052380952381	0.0701603222267858	0.121025774887336	0.143617912803975	0.0291850659212519	0.0853332267853785	0.1432057664309	0.315872173402515	263.204559065469	50.928418853796	22.700375845564	43.060296559141	13.0042118504285	12.1546896812864
0.915952380952381	7.9083869610514	7.74205597230366	1.09561312175932	0.463913873668228	3.84982437173525	0.536739954655526	0.888333333333333	264.735238095238	46.6904761904762	22.4490476190476	42.4957142857143	19.7611904761905	11.0535714285714	0.107902288864012	0.164265996355451	0.172425199028312	0.0347843202118346	0.202865641610446	0.145824415310145	0.314993406650409	264.54032151319	50.9245682374052	22.3228870779466	42.2859146351575	13.1196653527533	12.2047209995544
0.915	7.83501451412837	7.87925017788297	1.18859021873701	0.462104397252912	3.86551964504378	0.531864967491794	0.883809523809524	261.832619047619	46.3866666666667	22.4461904761905	42.5461904761905	19.6616666666667	11.0521428571429	0.106503405050429	0.138683501962688	0.172845292909053	0.0306129490933687	0.275958560020897	0.146840872530355	0.320491349829172	265.710967052011	51.3916223304628	22.6004141226604	42.8685886638892	12.9800094373941	12.223094697746
0.926428571428571	7.82974368663061	7.97687196390969	1.16876534356957	0.450595186955872	3.6409116989658	0.531984774713983	0.886428571428571	262.425952380952	46.4866666666667	22.5852380952381	42.7921428571429	19.9171428571429	10.9657142857143	0.0896174428237976	0.0694704240264194	0.137092760554262	0.0191591457825693	0.223509794240011	0.146984513353555	0.317327803137864	270.959947956022	52.0296168733899	22.5703920433433	42.8202697780089	13.4029741318313	12.4568611448693
0.92047619047619	7.88492341756821	7.9324228592146	1.11293201868023	0.429713120091529	3.61292745465324	0.53495927699906	0.893571428571429	260.213333333333	45.7459523809524	21.882619047619	41.3947619047619	19.98	11.0947619047619	0.144699447202231	0.068500534489121	0.192859614531298	0.0450688368457701	0.185371082781952	0.148191885292398	0.308422079667371	267.836749042197	51.4944185748848	21.7406016089974	41.1162927800493	13.441486893108	12.6106466090194
0.910714285714286	7.86425342048917	7.94133739516849	0.95942252942494	0.455684653293519	3.8352433298883	0.534105717600744	0.888809523809524	261.031666666667	46.24	22.0504761904762	41.66	20.2178571428571	11.4669047619048	0.110625515854928	0.0580915217192118	0.0979707121802976	0.0319080919427795	0.361363249472383	0.145728548493328	0.314405295873973	265.177476905109	51.0992013924711	21.7451371139329	41.179404883031	13.5548743238823	12.7375115679451
0.924761904761905	7.89227382171722	7.82487271887915	0.980671175406093	0.446227119479861	3.84375113084203	0.534245590924324	0.890714285714286	264.343333333333	46.6771428571429	22.6771428571429	42.9083333333333	20.2083333333333	11.1721428571429	0.107396211609953	0.145105076785589	0.128093995335807	0.0399095729013765	0.213073805262997	0.144403609436621	0.312034500027857	268.383097899684	51.7797012608336	22.6081387244404	42.7446315533697	13.4646451069988	12.6830914956373
0.92047619047619	7.80934845106942	7.935776014328	1.05490512328488	0.441870749784367	3.82551126292774	0.533925774615905	0.879047619047619	263.742380952381	46.6809523809524	22.5021428571429	42.5845238095238	20.352380952381	11.352380952381	0.158659655219293	0.0832592204916182	0.133538467303745	0.0583142845876738	0.2110064413834	0.146240392646084	0.326110753425775	273.011065665394	52.2052448190179	22.740739203202	43.0451393142965	13.7911002240391	12.8961491747215
